<?xml version="1.0" encoding="UTF-8"?>
<PE_PROJECT_SETTINGS_DOCUMENTATION>
  <PE_product_version v="version 10.1 for Internal Usage Only" />
  <PE_core_version v="Processor Expert Version 0521" />
  <CPU_Bean name="Cpu" type="MPC5777C_516">
    <Enabled v="Y" />
    <Properties>
      <Component_name v="Cpu" />
      <CPU_type v="MPC5777C_516" />
    </Properties>
    <Methods>
      <EmptySection_DummyValue />
    </Methods>
    <Events>
      <Event_module_name v="Events" />
    </Events>
    <Compiler v="GNU C Compiler" />
    <CompilerProperties>
      <Compiler v="GNU C Compiler" />
      <boolgroup name="Generate linker file" v="no" />
    </CompilerProperties>
  </CPU_Bean>
  <Bean name="pit1" type="pit">
    <Enabled v="Y" />
    <Properties>
      <Component_name v="pit1" />
      <Device v="PIT" />
      <Component_version v="S32_SDK_C55" />
    </Properties>
    <Methods>
      <EmptySection_DummyValue />
    </Methods>
    <Events>
      <EmptySection_DummyValue />
    </Events>
  </Bean>
  <Bean name="intMan1" type="interrupt_manager">
    <Enabled v="Y" />
    <Properties>
      <Component_name v="intMan1" />
      <Component_version v="S32_SDK_C55" />
    </Properties>
    <Methods>
      <EmptySection_DummyValue />
    </Methods>
    <Events>
      <EmptySection_DummyValue />
    </Events>
  </Bean>
  <Bean name="clockMan1" type="clock_manager">
    <Enabled v="Y" />
    <Properties>
      <Component_name v="clockMan1" />
      <Component_version v="S32_SDK_C55" />
      <group name="">
        <list name="Callbacks" v="1">
          <boolgroup name="Configuration0" v="Disabled" />
        </list>
        <group name="Shared components">
          <interrupt_manager v="intMan1" />
        </group>
      </group>
    </Properties>
    <Methods>
      <EmptySection_DummyValue />
    </Methods>
    <Events>
      <EmptySection_DummyValue />
    </Events>
  </Bean>
  <Bean name="pin_mux" type="PinSettings">
    <Enabled v="Y" />
    <Properties>
      <Component_name v="pin_mux" />
      <PinSettings_IP_Block v="PinSettings" />
      <Processor v="MPC5777C_516" />
      <group name="Settings">
        <EmptySection_DummyValue />
      </group>
    </Properties>
    <Methods>
      <EmptySection_DummyValue />
    </Methods>
    <Events>
      <EmptySection_DummyValue />
    </Events>
  </Bean>
  <Bean name="dspi1" type="dspi">
    <Enabled v="Y" />
    <Properties>
      <Component_name v="dspi1" />
      <Device v="DSPI_1" />
      <Component_version v="S32_SDK_C55" />
    </Properties>
    <Methods>
      <EmptySection_DummyValue />
    </Methods>
    <Events>
      <EmptySection_DummyValue />
    </Events>
  </Bean>
  <Bean name="osif1" type="osif">
    <Enabled v="Y" />
    <Properties>
      <Component_name v="osif1" />
      <Component_version v="osifcommon" />
    </Properties>
    <Methods>
      <EmptySection_DummyValue />
    </Methods>
    <Events>
      <EmptySection_DummyValue />
    </Events>
  </Bean>
  <Bean name="dmaController1" type="edma">
    <Enabled v="Y" />
    <Properties>
      <Component_name v="dmaController1" />
      <Device v="DMA_0" />
      <Component_version v="S32_SDK_DMA_128CH" />
    </Properties>
    <Methods>
      <EmptySection_DummyValue />
    </Methods>
    <Events>
      <EmptySection_DummyValue />
    </Events>
  </Bean>
  <Bean name="esci1" type="esci">
    <Enabled v="Y" />
    <Properties>
      <Component_name v="esci1" />
      <Device v="eSCI_0" />
      <Component_version v="ESCI_MPC5777C" />
    </Properties>
    <Methods>
      <EmptySection_DummyValue />
    </Methods>
    <Events>
      <EmptySection_DummyValue />
    </Events>
  </Bean>
  <Bean name="eqadc1" type="eqadc">
    <Enabled v="Y" />
    <Properties>
      <Component_name v="eqadc1" />
      <Device v="EQADC_0" />
      <Component_version v="S32_SDK" />
    </Properties>
    <Methods>
      <EmptySection_DummyValue />
    </Methods>
    <Events>
      <EmptySection_DummyValue />
    </Events>
  </Bean>
</PE_PROJECT_SETTINGS_DOCUMENTATION>

