<?xml version="1.0" encoding="UTF-8"?>
<PE_PROJECT_SETTINGS_DOCUMENTATION>
  <PE_product_version v="version 10.1 for Internal Usage Only" />
  <PE_core_version v="Processor Expert Version 0521" />
  <CPU_Bean name="Cpu" type="S32K144_100">
    <Enabled v="Y" />
    <Properties>
      <Component_name v="Cpu" />
      <CPU_type v="S32K144_100" />
    </Properties>
    <Methods>
      <EmptySection_DummyValue />
    </Methods>
    <Events>
      <Event_module_name v="Events" />
    </Events>
    <Compiler v="GNU C Compiler" />
    <CompilerProperties>
      <Compiler v="GNU C Compiler" />
      <boolgroup name="Generate linker file" v="no" />
    </CompilerProperties>
  </CPU_Bean>
  <Bean name="pin_mux" type="PinSettings">
    <Enabled v="Y" />
    <Properties>
      <Component_name v="pin_mux" />
      <PinSettings_IP_Block v="PinSettings" />
      <Processor v="S32K144_100" />
      <group name="Settings">
        <EmptySection_DummyValue />
      </group>
    </Properties>
    <Methods>
      <EmptySection_DummyValue />
    </Methods>
    <Events>
      <EmptySection_DummyValue />
    </Events>
  </Bean>
  <Bean name="clockMan1" type="clock_manager">
    <Enabled v="Y" />
    <Properties>
      <Component_name v="clockMan1" />
      <Component_version v="S32K144_SDK01" />
      <group name="">
        <list name="Callbacks" v="1">
          <boolgroup name="Configuration0" v="Disabled" />
        </list>
        <group name="Shared components">
          <interrupt_manager v="intMan1" />
        </group>
      </group>
    </Properties>
    <Methods>
      <CLOCK_SYS_Init v="generate code" />
      <CLOCK_SYS_UpdateConfiguration v="generate code" />
      <CLOCK_SYS_SetConfiguration v="generate code" />
      <CLOCK_SYS_GetCurrentConfiguration v="generate code" />
      <CLOCK_SYS_GetErrorCallback v="generate code" />
      <CLOCK_SYS_GetFreq v="generate code" />
      <CLOCK_DRV_Init v="generate code" />
      <CLOCK_DRV_GetFreq v="generate code" />
      <CLOCK_DRV_EnablePeripheralClock v="generate code" />
      <CLOCK_DRV_DisablePeripheralClock v="generate code" />
      <CLOCK_DRV_SetSystemClock v="generate code" />
      <CLOCK_DRV_GetSystemClockSource v="generate code" />
      <CLOCK_DRV_SetIrc v="generate code" />
      <CLOCK_DRV_SetXosc v="generate code" />
      <CLOCK_DRV_SetPll v="generate code" />
      <CLOCK_DRV_SetLpo v="generate code" />
    </Methods>
    <Events>
      <EmptySection_DummyValue />
    </Events>
  </Bean>
  <Bean name="intMan1" type="interrupt_manager">
    <Enabled v="Y" />
    <Properties>
      <Component_name v="intMan1" />
      <Component_version v="S32K144_SDK01" />
    </Properties>
    <Methods>
      <EmptySection_DummyValue />
    </Methods>
    <Events>
      <EmptySection_DummyValue />
    </Events>
  </Bean>
  <Bean name="lpspiCom1" type="lpspi">
    <Enabled v="Y" />
    <Properties>
      <Component_name v="lpspiCom1" />
      <Device v="LPSPI0" />
      <Component_version v="S32K144_SDK01" />
    </Properties>
    <Methods>
      <EmptySection_DummyValue />
    </Methods>
    <Events>
      <EmptySection_DummyValue />
    </Events>
  </Bean>
  <Bean name="dmaController1" type="edma">
    <Enabled v="Y" />
    <Properties>
      <Component_name v="dmaController1" />
      <Device v="DMA" />
      <Component_version v="S32_SDK_DMA_16CH" />
    </Properties>
    <Methods>
      <EmptySection_DummyValue />
    </Methods>
    <Events>
      <EmptySection_DummyValue />
    </Events>
  </Bean>
  <Bean name="osif1" type="osif">
    <Enabled v="Y" />
    <Properties>
      <Component_name v="osif1" />
      <Component_version v="osifcommon" />
    </Properties>
    <Methods>
      <EmptySection_DummyValue />
    </Methods>
    <Events>
      <EmptySection_DummyValue />
    </Events>
  </Bean>
  <Bean name="lpit1" type="lpit">
    <Enabled v="Y" />
    <Properties>
      <Component_name v="lpit1" />
      <Device v="LPIT0" />
      <Component_version v="S32K144_SDK01" />
    </Properties>
    <Methods>
      <EmptySection_DummyValue />
    </Methods>
    <Events>
      <EmptySection_DummyValue />
    </Events>
  </Bean>
  <Bean name="lpuart1" type="lpuart">
    <Enabled v="Y" />
    <Properties>
      <Component_name v="lpuart1" />
      <Device v="LPUART0" />
      <Component_version v="S32K144_SDK01" />
    </Properties>
    <Methods>
      <EmptySection_DummyValue />
    </Methods>
    <Events>
      <EmptySection_DummyValue />
    </Events>
  </Bean>
  <Bean name="adConv1" type="adc">
    <Enabled v="Y" />
    <Properties>
      <Component_name v="adConv1" />
      <Device v="ADC0" />
      <Component_version v="S32K144_SDK01" />
    </Properties>
    <Methods>
      <EmptySection_DummyValue />
    </Methods>
    <Events>
      <EmptySection_DummyValue />
    </Events>
  </Bean>
</PE_PROJECT_SETTINGS_DOCUMENTATION>

